序号  ,价格      ,名称              
   1,114.00  ,美国嘉宝 DHA益生菌米粉米糊进口婴幼儿辅食
   2,78.00   ,【组合】Gerber嘉宝星星泡芙(蓝莓+草莓苹果+香蕉)美国直运42g*3
   3,36.00   ,美国进口 Gerber 嘉宝苹果草莓味星星泡芙米饼
   4,165.00  ,嘉宝番茄牛肉 鳕鱼蔬菜 混合蔬菜营养米粉米糊225g*3罐装8-36个月
   5,37.00   ,嘉宝吹风机架免打孔卫生间置物架吸壁式浴室电吹风架子挂风筒支架
   6,55.00   ,吸壁式牙刷架卫生间牙刷置物架壁挂刷牙漱口杯套装三四口之家牙具
   7,49.90   ,嘉宝卫生间浴室置物架壁挂洗手间洗漱台收纳用品吸盘吸壁式免打孔
   8,108.00  ,嘉宝强力吸盘浴巾架不锈钢挂架免打孔壁挂卫生间浴室毛巾架毛巾杆
   9,67.00   ,浴室卫生间置物架三角架免打孔洗漱台洗手间厕所吸壁式壁挂收纳架
  10,37.00   ,嘉宝吸盘吹风机架免打孔浴室电吹风架子吸壁式风筒架卫生间置物架
  11,39.00   ,嘉宝吸盘牙刷架牙刷置物架 创意壁挂简约牙刷杯 吸壁式刷牙杯套装
  12,39.00   ,嘉宝强力吸盘肥皂盒免打孔置物架香皂盒浴室卫生间大号壁挂肥皂架
  13,128.00  ,嘉宝强力吸盘式毛巾架不锈钢挂浴巾架免打孔壁挂卫生间浴室置物架
  14,45.00   ,嘉宝吸盘置物架卫浴卫生间浴室置物架免打孔角架壁挂洗手间吸壁式
  15,37.00   ,嘉宝卫生间免打孔吸盘吹风机架 电吹风架子壁挂吹风机挂钩免打孔
  16,58.00   ,嘉宝强力吸盘置物架 卫生间置物架壁挂厨房浴室架子 免打孔收纳架
  17,24.00   ,嘉宝吸盘电吹风架 吹风机挂架风筒架 强力卫生间壁挂式免钉免打孔
  18,29.00   ,嘉宝梳子收纳桶卫生间无痕壁挂收纳架浴室置物架收纳筒牙膏置物桶
  19,19.50   ,嘉宝吸盘挂钩强力承重不粘钩免打孔浴室厨房墙壁挂钩无痕免钉挂钩
  20,46.90   ,嘉宝吸盘浴室置物架不锈钢卫生间吸壁式收纳层架洗手间厕所免打孔
  21,25.00   ,嘉宝吸盘吹风机架 电吹风架子 卫生间浴室置物架 吸盘壁挂风筒架
  22,67.50   ,嘉宝吸盘毛巾架浴巾架浴室免打孔毛巾杆挂钩单杆不锈钢卫生间架子
  23,39.70   ,嘉宝吸盘厨房挂钩壁挂免钉无痕粘钩多功能强力承重墙壁排钩筷子筒
  24,45.00   ,嘉宝强力吸盘毛巾架壁挂浴室毛巾杆单杆卫生间毛巾挂浴巾架毛巾杆
  25,25.50   ,嘉宝吸盘牙刷置物架壁挂吸壁式牙缸牙具牙膏架漱口杯套装刷牙杯子
  26,36.00   ,嘉宝吸盘肥皂盒浴室双层香皂盒创意双格肥皂架时尚香皂架皂托壁挂
  27,79.00   ,嘉宝强力吸盘置物架 卫生间不锈钢三角架 浴室吸壁式免打孔收纳架
  28,19.90   ,嘉宝背胶式吹风机架子 壁挂卫生间浴室置物架 免打孔风筒架挂架
  29,89.00   ,嘉宝壁挂免打孔化妆品首饰收纳盒吸壁式卫生间置物架浴室洗漱台架
  30,27.80   ,嘉宝吸盘毛巾架卫生间浴室强力置物架免打孔不锈钢吸盘式毛巾挂架
  31,54.00   ,嘉宝吸盘牙刷架浴室置物架创意牙膏架壁挂吸壁式洗漱口刷牙杯套装
  32,67.00   ,嘉宝吸盘三角架浴室置物架吸壁式卫生间用品卫浴洗手间壁挂收纳架
  33,25.80   ,吸盘吹风机架壁挂免打孔卫生间置物架吸壁式电吹风支架浴室收纳架
  34,61.00   ,牙刷架置物架吸壁式卫生间免打孔壁挂牙杯牙具架漱口杯洗漱杯套装
  35,75.00   ,嘉宝强力吸盘置物架 厨房免打孔壁挂架子 卫生间浴室吸壁式收纳架
  36,55.00   ,嘉宝吸盘置物架卫生间不锈钢免打孔收纳架浴室用品卫浴壁挂储物架
  37,44.00   ,嘉宝强力吸盘肥皂盒 卫生间吸壁式单层肥皂架 创意壁挂沥水香皂盒
  38,39.70   ,嘉宝双层吸盘肥皂盒 吸盘香皂盒 创意双格肥皂架 时尚香皂架皂托
  39,99.00   ,嘉宝强力吸盘置物架卫生间架子厕所卫浴架浴室置物架壁挂三层皂盒
  40,5.50    ,嘉宝亚克力透明短调味瓶 高档加厚钻石胡椒粉瓶椒盐筒水晶塑料
  41,35.00   ,嘉宝强力吸盘肥皂盒架 浴室不锈钢壁挂式双层皂架沥水创意香皂盒
  42,99.00   ,卫生间置物架壁挂免打孔浴室不锈钢三角架吸壁式厕所洗手间收纳架
  43,59.90   ,嘉宝吸壁式置物架浴室不锈钢收纳架厨房餐具架免打孔厕所储物架子
  44,16.50   ,嘉宝牙刷架免打孔 牙刷牙膏置物架 卫生间创意壁挂情侣刷牙杯套装
  45,29.00   ,嘉宝吸盘牙刷架套装情侣浴室置物架创意壁挂吸壁式刷牙杯架不锈钢
  46,99.00   ,嘉宝吸盘卫生间置物架 浴室壁挂层架 免打孔洗手间厕所强力收纳架
  47,75.00   ,嘉宝吸盘牙刷架套装 四口之家浴室置物架 创意壁挂吸壁式刷牙杯架
  48,33.00   ,嘉宝吸盘毛巾架 卫生间单杆免打孔不锈钢浴室置物架 厨房毛巾挂
  49,24.50   ,【天天特价】卫生间洗漱台收纳架置物架免打孔壁挂梳子架收纳筒桶
  50,129.50  ,嘉宝吸盘置物架壁挂厨房浴室置物架不锈钢收纳架免打孔厕所架子
  51,139.00  ,嘉宝吸盘置物架 卫生间吸壁式免打孔3层不锈钢卫浴层架浴室储物架
  52,69.00   ,嘉宝吸盘式牙刷架卫生间壁挂刷牙杯免打孔漱口杯套装牙具牙刷杯子
  53,32.90   ,嘉宝吸盘收纳桶 壁挂式吸盘收纳筒 多功能吸盘置物架放梳子收纳桶
  54,43.70   ,嘉宝吸盘收纳架浴室置物架壁挂厨房整理篮洗碗刷抹布沥水架餐具架
  55,25.00   ,嘉宝电吹风机架子电吹风架 卫生间浴室置物架 壁挂吸盘收纳风筒架
  56,19.30   ,嘉宝强力背胶式风筒架 粘贴式吹风机架 浴室卫生间免打孔电吹风架
  57,39.00   ,嘉宝吸盘毛巾挂杆强力卫生家浴室不锈钢毛巾杆免打孔超强浴巾架
  58,59.00   ,嘉宝吸盘电动牙刷架置物架 免打孔悬挂式放牙刷的架子 牙具架套装
  59,62.00   ,嘉宝吸盘毛巾架 免打孔卫生间浴室不锈钢壁挂置物架 吸盘式毛巾杆
  60,42.00   ,嘉宝吸盘卫生间挂钩 免打孔毛巾架浴室排钩挂衣钩 壁挂置物架免钉
  61,35.00   ,嘉宝吸盘吹风机架 免打孔置物架浴室电吹风架子卫生间收纳架 新品
  62,22.00   ,嘉宝强力吸盘洗脸盆挂钩厨房面盆夹子洗澡盆粘钩壁挂脸盆浴盆架
  63,29.00   ,嘉宝吸盘吹风机架免打孔卫生间电吹风架子吸壁式风筒架浴室置物架
  64,25.50   ,嘉宝吸盘牙刷架牙杯牙刷架套装壁挂单杯牙具盒收纳桶漱口杯套装
  65,35.00   ,嘉宝吸盘牙膏牙刷架 创意洗漱套装带漱口杯 情侣牙刷杯牙具架
  66,65.50   ,嘉宝吸盘置物架浴室置物架不锈钢收纳架厨房多功能置物架高围挡
  67,61.50   ,嘉宝吸盘六连钩免钉挂钩浴室无痕粘钩卫生间挂架壁挂厨房强力挂钩
  68,38.80   ,嘉宝强力吸盘置物架 浴室置物架 吸壁式卫生间小号壁挂卫浴收纳架
  69,41.70   ,嘉宝吸盘厨房置物架 厨房角架 不锈钢厨房收纳架挂架 沥水设计
  70,59.50   ,嘉宝吸盘浴室卫生间置物架 吹风机架子毛巾架电吹风架 厕所置物架
  71,65.00   ,嘉宝吸盘旋转毛巾架 免打孔四杆不锈钢厕所卫生间吸壁式毛巾杆
  72,27.50   ,嘉宝强力吸盘皂盒双层肥皂盒欧式香皂盒子创意皂托时尚香皂架沥水
  73,89.00   ,嘉宝DIY吸盘调料盒 三位调味罐调味品瓶厨房调味篮套装调味架
  74,19.70   ,嘉宝吸盘式创意牙刷架子无痕壁挂刷牙杯漱口杯牙刷挂架套装牙具座
  75,35.00   ,嘉宝强力吸盘电吹风机架子免打孔风筒架壁挂卫生间收纳浴室置物架
  76,25.00   ,嘉宝吸盘吹风机架 风筒架电吹风架子 卫生间浴室用品 壁挂置物架
  77,28.90   ,嘉宝吸盘毛巾架抹布架免打孔卫生间毛巾挂架宝宝毛巾架浴室毛巾环
  78,56.00   ,嘉宝吸盘置物架 厨房壁挂收纳架 浴室卫生间吸壁式免打孔转角架子
  79,45.00   ,嘉宝吸盘置物架 浴室置物架 壁挂洗手间卫生间置物架吸盘浴室角架
  80,39.00   ,吸盘吹风机架 免打孔浴室梳子电吹风置物架 卫生间吹风筒收纳架子
  81,63.00   ,嘉宝强力吸盘置物架 浴室不锈钢壁挂收纳架 免打孔卫生间用品架子
  82,65.90   ,浴室吸盘三角置物架 卫生间洗手台置物角架免打孔壁挂转角置物架
  83,99.00   ,嘉宝吸盘式牙刷架卫生间壁挂情侣漱口杯不锈钢置物架浴室洗漱套装
  84,25.00   ,嘉宝强力吸盘牙刷架 壁挂牙具架挂式洗漱置物架全家牙刷杯套装
  85,99.00   ,嘉宝吸盘置物架牙刷架卫生间洗手间卫浴室置物架情侣漱口杯壁挂
  86,8.80    ,嘉宝亚克力辣椒瓶透明仿塑料糖缸盐盅有盖调味罐送勺子塑料辣椒罐
  87,20.98   ,【天天特价】浴室置物架 洗手间不锈钢壁挂收纳架子 梳子收纳筒
  88,132.50  ,嘉宝强力吸盘浴室架子 卫生间用品浴室厕所收纳置物架 壁挂三层架
  89,45.00   ,嘉宝吸盘置物架 浴室置物架壁挂卫生间厨房架子 强力吸壁式收纳架
  90,39.30   ,嘉宝吸盘牙刷架挂架 情侣牙刷杯架创意漱口杯牙具杯牙缸洗漱套装
  91,89.00   ,嘉宝吸盘挂钩 强力真空浴室卫生间不锈钢毛巾架 吸壁式厨房免打孔
  92,42.90   ,嘉宝不锈钢双层浴室肥皂盒吸盘吸壁式香皂盒壁挂卫生间沥水肥皂架
  93,39.50   ,嘉宝强力吸盘厨房刀架 真空不锈钢多用挂架收纳架 无痕滑动挂钩
  94,69.50   ,嘉宝强力吸盘置物架厕所收纳架卫生间浴室置物架壁挂收纳盒多功能
  95,10.50   ,嘉宝8206 亚克力糖罐 盐罐 调味瓶调料罐 调味罐 厨房用品
  96,5.76    ,嘉宝亚克力调味瓶粉末孔罐胡椒粉瓶烧烤调料瓶盐罐厨房用品工具
  97,32.90   ,嘉宝双层肥皂盒吸盘壁挂沥水卫生间肥皂架免打孔香皂盒创意吸壁式
  98,25.50   ,嘉宝吸盘挂钩 创意卫生间浴室毛巾挂 厨房不锈钢强力壁挂挂钩排钩
  99,28.50   ,嘉宝吸盘肥皂盒壁挂浴室香皂盒沥水创意香皂架免打孔卫生间用品
 100,55.00   ,嘉宝吸盘一家四口牙刷架漱口杯套装三口之家创意牙杯架壁挂免打孔
 101,37.90   ,嘉宝强力吸盘电吹风机架子 电吹风架子吸盘置物架 不锈钢大风筒架
 102,15.00   ,嘉宝吸盘香皂盒沥水肥皂盒创意肥皂架浴室皂托卫生间手工透明皂盒
 103,58.00   ,新品嘉宝吸盘毛巾架 卫生间浴室吸盘浴巾架 双杆不锈钢毛巾挂挂钩
 104,49.00   ,嘉宝强力吸盘毛巾架单杆 浴室不锈钢毛巾杆 卫生间免打孔浴巾架
 105,67.00   ,嘉宝吸盘三角架卫生间置物架壁挂塑料卫浴用品收纳浴室角架吸壁式
 106,68.80   ,嘉宝吸壁式卫生间置物架 吸盘收纳架套装 壁挂洗手间洗脸台置物架
 107,67.00   ,嘉宝吸盘置物架 洗手间卫生间三角置物架 浴室置物架壁挂浴室角架
 108,59.00   ,嘉宝吸盘毛巾挂钩 免打孔浴室不锈钢毛巾架 厨房强力吸附式置物架
 109,32.90   ,嘉宝壁挂式牙刷架吸壁式 创意吸盘刷牙杯套装情侣牙刷杯架漱口杯
 110,52.00   ,嘉宝吸盘式收纳架 不锈钢厨房卫生间浴室 厨卫用品置物架 化妆品
 111,55.00   ,包邮嘉宝吸盘调味架 壁挂式调味罐调味盒调料盒调味瓶 厨房置物架
 112,18.30   ,嘉宝吸盘牙刷架 吸壁式牙膏置物架壁挂情侣漱口杯刷牙杯 洗漱套装
 113,68.00   ,浴室不锈钢四杆吸盘免打孔毛巾架 卫生间壁挂式折叠毛巾挂浴巾架
 114,16.50   ,嘉宝强力背胶挂钩粘钩卫生间毛巾挂架门后挂钩浴室防水剃须刀挂钩
 115,23.00   ,正品嘉宝610酒店餐厅用压克力仿陶瓷椒盐调味瓶厨房胡椒瓶组合装
 116,27.90   ,嘉宝 吸盘式花洒底座可调 免打孔浴室淋浴喷头配件花洒固定支架
 117,59.00   ,毛巾架 免打孔浴室不锈钢双杆浴巾架卫生间毛巾杆吸盘式挂毛巾架
 118,32.28   ,嘉宝吸盘收纳盒塑料厨房收纳架沥水架洗碗刷抹布厨房置物架壁挂架
 119,17.50   ,嘉宝吸盘挂钩粘胶壁挂厨房粘钩承重卫生间浴室无痕挂钩免打孔
 120,55.98   ,收纳架强力吸盘置物架浴室 壁挂式洗手间卫生间置物架浴室三角架
 121,59.00   ,嘉宝真空吸盘挂钩架 不锈钢挂钩排钩 厨房卫浴置物架强力粘钩包邮
 122,7.00    ,嘉宝8043六孔味瓶8076七孔味瓶牙签瓶粉瓶粉筒调味瓶调料瓶牙签盒
 123,25.00   ,嘉宝吸盘浴室香皂盒  卫生间双层沥水肥皂盒 壁挂不锈钢皂架包邮
 124,23.74   ,嘉宝吸盘肥皂盒双层皂架卫生间洗手间厕所壁挂式免打孔香皂架浴室
 125,19.80   ,嘉宝无痕吸盘挂钩强力吸P挂勾厨房门后不锈钢毛巾挂钩双钩挂衣架
 126,29.80   ,嘉宝 吸盘式情侣洗漱杯套装 壁挂牙刷牙膏架 洗脸刷牙杯子漱口杯
 127,38.00   ,嘉宝吸盘式置物架层架浴室免钉挂架厕所卫生间厨房不锈钢收纳架子
 128,35.00   ,嘉宝吸盘毛巾架 真空吸盘 卫生间浴室毛巾挂毛巾杆 不锈钢浴巾架
 129,98.00   ,吸盘毛巾架免打孔 不锈钢双层浴巾架 卫生间浴室壁挂置物架晾衣杆
 130,38.00   ,嘉宝强力吸盘毛巾架免打孔浴室不锈钢毛巾杆单杆卫生间收纳架壁挂
 131,42.00   ,嘉宝置物架 浴室厨房强力吸盘式免钉收纳架 不锈钢卫生间搁物架子
 132,18.00   ,嘉宝吸盘挂钩 吸壁式不锈钢强力粘钩厨房免钉无痕真空 门后挂衣钩
 133,45.80   ,嘉宝吸盘式单杆浴巾架 浴室不锈钢毛巾架 卫生间壁挂手帕架免打孔
 134,102.30  ,嘉宝强力吸盘壁挂锅盖架厨房砧板案板架子多功能不锈钢挂钩置物架
 135,19.00   ,嘉宝吸盘挂钩 厨房卫生间不锈钢大挂钩 创意无痕粘钩单钩持久承重
 136,49.00   ,嘉宝洗漱台置物架 洗手台卫生间浴室收纳架 吸盘式壁挂角架免打孔
 137,44.00   ,嘉宝吸盘牙刷架置物架情侣牙刷杯架创意漱口杯牙具架牙缸洗漱套装
 138,18.80   ,嘉宝吸盘挂钩强力承重不粘钩不打孔浴室厨房墙壁挂钩无痕免钉挂钩
 139,22.00   ,卫生间墙上强吸盘式挂钩子厕所瓷砖玻璃吸钩承重吸墙勾墙壁粘钩
 140,26.00   ,嘉宝强力吸盘 花洒支座 可调花洒底座吸盘式架子淋浴浴室喷头支架
 141,79.00   ,电吹风机架免打孔卫生间浴室壁挂吸盘家用吹风筒多功能收纳置物架
 142,15.90   ,嘉宝 压克力 盐瓶胡椒粉瓶调味瓶 套装 601/602/610/702/641/642
 143,29.80   ,嘉宝强力吸盘单杆小号毛巾架毛巾挂不锈钢免打孔浴室卫生间毛巾环
 144,26.00   ,嘉宝吸盘式花洒支架可调节淋浴花洒座浴室壁挂免打孔喷头固定底座
 145,38.80   ,店主自用推荐~嘉宝吸盘排钩毛巾挂宝宝手帕挂钩浴室卫生巾挂钩架
 146,16.00   ,嘉宝超级吸盘牙刷架 创意漱口杯刷牙杯挂架强力壁挂洗漱套装 单人
 147,32.80   ,嘉宝吸盘 双层吸壁式肥皂盒香皂盒 创意沥水时尚香皂架子 双格
 148,18.00   ,嘉宝免钻孔强力吸盘挂钩儿童洗澡盘挂厨房浴室卫生间脸盆浴盆挂
 149,24.50   ,嘉宝免打孔吸盘吹风机架 电吹风架子卫生间浴室置物架 壁挂风筒架
 150,13.80   ,嘉宝强力吸盘挂钩 浴室防水脸盆挂钩脸盆架 强力粘钩无痕壁挂挂钩
 151,58.00   ,嘉宝吸盘牙刷架置物架 牙刷杯架创意漱口杯 牙具架牙缸 264006
 152,44.50   ,疯抢嘉宝260016吸盘挂钩 创意家居用品 浴室 厨房不锈钢架 毛巾挂
 153,48.00   ,嘉宝吸盘浴室置物架 壁挂 厕所卫浴收纳架 浴室架
 154,109.00  ,浴室毛巾架吸盘不锈钢浴巾架卫生间免打孔置物架壁挂式毛巾杆创意
 155,68.00   ,嘉宝吸盘式毛巾架 不锈钢免打孔卫生间浴巾架壁挂卫浴毛巾杆挂件
 156,19.00   ,嘉宝背胶电吹风机架子 浴室置物架电吹风架 强力壁挂粘贴吹风筒架
 157,15.00   ,嘉宝吸盘挂钩 田园不锈钢挂钩 创意真空吸盘单/双钩 厨卫挂钩
 158,60.10   ,361002          
 159,37.00   ,大吹风机架免打孔卫生间多功能欧式家用 电吹风架嘉宝风筒架免孔
 160,4.00    ,亚克力PC酱料瓶 酱油瓶辣椒瓶 胡椒瓶盐油醋壶 厨房塑料配料瓶子
 161,3.80    ,嘉宝/GarBat置物架专用 吸盘软胶 备用吸盘 壁挂 其他品牌不适用
 162,98.00   ,店主自用！嘉宝强力吸盘浴巾毛巾挂架浴室不锈钢毛巾杆卫生间壁挂
 163,62.80   ,嘉宝 强力吸盘浴室收纳架壁挂 DIY卫生间洗漱用品置物架高档套装
 164,50.00   ,嘉宝吸盘式水养花盆浴室绿化空气精华美化节约空间牢固吸力超强
 165,45.00   ,嘉宝浴室置物架卫生间厨房壁挂式不锈钢收纳架免打孔吸盘式置物架
 166,27.00   ,嘉宝吸盘肥皂盒创意香皂盒浴室双层沥水皂盒皂托架 肥皂架 香皂架
 167,19.00   ,嘉宝背胶电吹风机架浴室置物架 壁挂粘贴吹风筒架无孔安装
 168,42.55   ,嘉宝GarBath 260027 吸壁式 单吸盘粘胶不锈钢电吹风架
 169,23.00   ,嘉宝厂家厨房调味罐 亚克力调料盒 透明罐子塑料盐缸餐厅8207
 170,8.50    ,嘉宝8004长方味瓶亚克力调味瓶牙签瓶粉瓶粉筒调味瓶调料瓶牙签盒
 171,15.90   ,嘉宝吸盘挂钩无痕挂钩毛巾挂钩衣帽钩厨房浴室创意超强吸盘不锈钢
 172,36.00   ,包邮嘉宝吸盘毛巾架 厨房浴室挂钩 卫生间强力粘钩 洗手间衣帽挂
 173,17.50   ,嘉宝8049 塑料调味调料瓶罐托盘 透明置物托盘酒店餐桌用品
 174,15.50   ,嘉宝 壁挂收纳盒牙膏置物架 免打孔 卫生间 梳子小饰品置物收纳盒
 175,13.50   ,嘉宝亚克力调味瓶套装带转盘底盘座油壶酱料瓶牙签瓶胡椒瓶塑料壶
 176,21.00   ,嘉宝DIY粘贴式乳液器架 背胶 洗手液洗发水沐浴露挂架 361002
 177,45.00   ,4连钩！嘉宝强力吸盘挂钩 厨房不锈钢排钩 卫浴毛巾衣物挂钩
 178,32.70   ,嘉宝吸盘浴室毛巾挂钩厨房挂钩免钉强力吸盘吸壁式卫生间挂钩创意
 179,35.80   ,嘉宝 吸盘肥皂架香皂盒 创意双层不锈钢皂网 浴室卫生间沥水皂托
 180,83.55   ,嘉宝 260022       
 181,20.00   ,特价！嘉宝吸盘毛巾挂 毛巾架 不锈钢精制毛巾架 吸盘收纳架
 182,34.50   ,嘉宝卫生间浴室挂件 厨房毛巾架挂钩 真空吸盘不锈钢挂毛巾挂架
 183,48.00   ,嘉宝浴室置物架免打孔洗手间厕所吸盘收纳洗漱台壁挂式卫生间收纳
 184,23.00   ,嘉宝吹风机架电吹风架 卫生间浴室吸盘式壁挂收纳风筒架置物架
 185,48.00   ,嘉宝吸盘置物架角架卫浴室挂架卫生间收纳架洗漱用品置物架260021
 186,14.50   ,嘉宝吸盘挂钩 单挂钩 厨房浴室不锈钢挂钩 精致 牢固不掉落
 187,34.90   ,吸盘挂钩排钩厨房不锈钢置物架 创意浴室门后粘胶墙壁挂衣架
 188,38.80   ,毛巾架不锈钢嘉宝吸盘毛巾架挂卫生间吸盘毛巾架吸盘浴室浴巾架
 189,35.00   ,嘉宝吸盘挂钩双钩浴室毛巾架强力壁挂卫生间毛巾挂排钩门后挂衣架
 190,15.00   ,吸盘配套塑料钩子可拆卸小厨房浴室置物架S型挂钩壁挂免钉钩子
 191,61.50   ,嘉宝吸盘六连钩免钉挂钩浴室无痕粘钩卫生间挂架壁挂厨房强力挂钩
 192,32.90   ,嘉宝 牙刷架 套装带漱口杯强力吸盘不锈钢情侣牙膏牙刷架免钉
 193,68.58   ,正品吸盘卫生间吸壁式浴室不锈钢收纳架塑料马桶刷子欧洲置物架
 194,4.50    ,嘉宝亚克力圆形肥皂盒酒店宾馆卫生间香皂碟透明带孔方形皂托盒子
 195,10.00   ,嘉宝亚克力托盘 透明果盘 塑料盘子餐厅餐具 杯托调料罐拖盘8049
 196,7.90    ,10个包邮嘉宝亚克力胡椒粉筒8005 调料罐 压克力盐瓶 8004味精瓶
 197,2.60    ,实用小商品百货 创意洗漱收纳筒牙刷收纳盒旅行便携漱口杯小礼品
 198,66.60   ,促销 嘉宝263002吸盘组合套装卫浴置物架电吹风架架风筒架毛巾挂
 199,6.60    ,嘉宝8211亚克力8207调味瓶罐糖罐酱瓶盐罐塑料胡椒粉辣椒罐带小勺
 200,9.00    ,酒店餐桌用品亚克力塑料透明胡椒粉瓶仿水晶调味瓶罐方形包邮
 201,7.80    ,嘉宝A001 喷金/透明 酱料系列用品 辣椒酱罐 高档水晶调味罐
 202,6.60    ,嘉宝8211亚克力8207调味瓶罐糖罐酱瓶盐罐塑料胡椒粉辣椒罐带小勺
 203,65.98   ,嘉宝吸盘置物架 创意家居 厨房 浴室置物架 不锈钢收纳架储物
 204,33.13   ,嘉宝GarBath 260010  单吸盘吸壁式不锈钢L型毛巾挂/毛巾架
 205,13.80   ,脸盘架 超强承重厨房浴室挂钩 免钉多用无痕挂钩 创意粘钩
 206,35.90   ,嘉宝吸盘挂钩 厨房挂钩 不锈钢四挂钩 浴室卫生间毛巾架挂钩挂架
 207,4.80    ,嘉宝吸盘配件 备用吸盘 强力真空吸盘 超强承重吸盘 静电无痕吸盘
 208,12.80   ,嘉宝 亚克力塑料 调味罐调料罐砂糖盐罐辣酱罐调味盒佐料盒厨房
 209,13.80   ,酒店餐桌用品亚克力透明三孔调味瓶胡椒粉瓶罐酱油瓶醋瓶油壶
 210,25.90   ,2014专柜 嘉宝361006 强力粘胶挂毛巾架不锈钢挂钩 尊贵典雅选择
 211,32.00   ,嘉宝牙膏牙刷架 强力吸盘式刷牙杯套装带漱口杯 情侣牙具牙缸挂架
 212,69.00   ,【官方店】Garbath/嘉宝毛巾架吸壁式浴巾架265002
